RSID,Chr,Start,End,Ref,Alt
rs183589970,6,33419469,33419469,C,T,
rs1040251344,6,33419472,33419472,C,T,
rs74848808,6,33419477,33419477,C,T,
rs765023756,6,33419481,33419481,T,G,
rs750377281,6,33419489,33419489,C,T,
rs758178886,6,33419497,33419497,C,T,
rs1447399834,6,33419505,33419505,C,T,
rs1255329580,6,33419517,33419517,T,C,
rs900666835,6,33419529,33419529,A,C,
rs1199652356,6,33419532,33419536,AGTCT,A,
rs1483927986,6,33419532,33419532,A,C,
rs1483927986,6,33419532,33419532,A,T,
rs1232015100,6,33419558,33419558,T,TA,
rs1279705060,6,33419559,33419559,C,A,
rs1468142141,6,33419559,33419561,CTT,C,
rs35447351,6,33419568,33419568,T,TA,
rs1228561847,6,33419569,33419569,C,T,
rs1340299224,6,33419572,33419572,A,T,
rs1311167775,6,33419582,33419582,G,A,
rs1398377010,6,33419586,33419586,T,G,
rs1178369843,6,33419597,33419597,C,T,
rs1406904391,6,33419602,33419602,T,G,
rs531589480,6,33419603,33419603,C,T,
rs998054441,6,33419615,33419615,G,A,
rs1330695799,6,33419616,33419616,G,A,
rs1464138427,6,33419618,33419618,C,T,
rs750607367,6,33419631,33419633,TGA,T,
rs554209486,6,33419634,33419634,G,T,
rs1423881782,6,33419636,33419636,C,G,
rs1161618757,6,33419642,33419642,C,G,
rs1161618757,6,33419642,33419642,C,T,
rs1367181591,6,33419644,33419644,C,A,
rs950424303,6,33419649,33419649,C,A,
rs552212511,6,33419654,33419654,T,G,
rs1013339851,6,33419658,33419658,T,C,
rs1013339851,6,33419658,33419658,T,G,
rs1015923369,6,33419664,33419664,C,A,
rs963074186,6,33419677,33419677,T,G,
rs980038642,6,33419681,33419681,G,A,
rs1456092515,6,33419686,33419686,T,G,
rs572364020,6,33419689,33419689,G,A,
rs1022934986,6,33419694,33419694,C,G,
rs533859395,6,33419700,33419700,G,A,
rs1196057490,6,33419705,33419705,G,A,
rs1562866526,6,33419714,33419714,T,A,
rs555605854,6,33419716,33419716,T,C,
rs1282856224,6,33419717,33419717,T,C,
rs752889063,6,33419722,33419722,T,A,
rs993043969,6,33419741,33419741,A,G,
rs1031701489,6,33419752,33419752,C,T,
rs913088032,6,33419757,33419757,T,C,
rs756292958,6,33419760,33419760,G,A,
rs1379277918,6,33419764,33419764,T,A,
rs1329749868,6,33419766,33419766,T,C,
rs1204962341,6,33419773,33419773,G,A,
rs1271336843,6,33419779,33419779,T,A,
rs1271336843,6,33419779,33419779,T,C,
rs945446682,6,33419791,33419791,G,A,
rs573830158,6,33419796,33419796,T,A,
rs1426320527,6,33419817,33419817,C,T,
rs956239863,6,33419820,33419820,G,A,
rs9688415,6,33419822,33419822,G,C,
rs115074978,6,33419836,33419836,C,A,
rs1234180319,6,33419843,33419843,G,C,
rs936707039,6,33419844,33419844,G,C,
rs577322090,6,33419845,33419845,G,A,
rs1450629072,6,33419846,33419846,G,C,
rs1232903006,6,33419847,33419847,G,A,
rs1287312116,6,33419852,33419852,G,A,
rs954289045,6,33419854,33419854,A,G,
rs1443532405,6,33419856,33419856,T,C,
rs1039037934,6,33419858,33419858,T,C,
rs544663820,6,33419867,33419867,G,C,
rs1181645004,6,33419872,33419872,T,A,
rs986214971,6,33419877,33419877,G,T,
rs1238655791,6,33419878,33419880,GTC,G,
rs1445180898,6,33419879,33419879,T,G,
rs867872198,6,33419883,33419883,T,C,
rs1167040493,6,33419888,33419888,C,G,
rs759050967,6,33419893,33419893,G,C,
rs910196764,6,33419917,33419917,C,T,
rs1280269423,6,33419918,33419922,CTCTG,C,
rs1030635790,6,33419921,33419951,TGTCTCTCTCTGGTGTGTTTTTGAGTCAGGG,T,
rs966081336,6,33419946,33419946,T,C,
rs150486410,6,33419952,33419956,GTCTC,G,
rs150486410,6,33419952,33419956,GTCTC,GTC,
rs150486410,6,33419952,33419956,GTCTC,GTCTCTC,
rs1554304119,6,33419952,33419952,G,A,
rs1394108837,6,33419958,33419959,CT,C,
rs1157969181,6,33419961,33419961,T,C,
rs559911304,6,33419962,33419962,C,G,
rs559911304,6,33419962,33419962,C,T,
rs919007313,6,33419965,33419965,T,A,
rs1477428355,6,33419973,33419973,T,TG,
rs1244575155,6,33419977,33419977,C,A,
rs929127228,6,33419982,33419982,C,T,
rs1048891911,6,33419983,33419983,G,A,
rs527254055,6,33419992,33419992,G,T,
rs1490607866,6,33419993,33419993,T,C,
rs1262996345,6,33419994,33419994,G,A,
rs1215064425,6,33419996,33419996,G,C,
rs948639447,6,33420005,33420005,A,G,
rs1319188911,6,33420008,33420008,C,T,
rs139995053,6,33420012,33420015,CCCT,C,
rs139995053,6,33420012,33420015,CCCT,CCCTCCT,
rs1004624786,6,33420017,33420017,C,CTCG,
rs1358624889,6,33420023,33420023,C,G,
rs1016059063,6,33420034,33420034,C,G,
rs1044685358,6,33420039,33420039,C,A,
rs1044685358,6,33420039,33420039,C,T,
rs980139455,6,33420040,33420040,G,C,
rs796637648,6,33420058,33420059,GC,G,
rs796637648,6,33420058,33420059,GC,GCC,
rs1297292049,6,33420058,33420058,G,A,
rs1297292049,6,33420058,33420058,G,C,
rs1034034894,6,33420064,33420068,CCTCT,C,
rs1034034894,6,33420064,33420068,CCTCT,CCT,
rs1034034894,6,33420064,33420068,CCTCT,CCTCTCT,
rs1317758263,6,33420064,33420064,C,A,
rs1317758263,6,33420064,33420064,C,T,
rs143468471,6,33420065,33420070,CTCTCT,C,
rs1191866156,6,33420065,33420066,CT,C,
rs1422485445,6,33420065,33420065,C,G,
rs548682404,6,33420066,33420066,T,C,
rs907228163,6,33420080,33420080,C,T,
rs960207454,6,33420083,33420083,T,C,
rs1440740592,6,33420089,33420089,C,A,
rs1268745996,6,33420090,33420090,G,A,
rs1204401421,6,33420100,33420100,A,C,
rs1212540845,6,33420102,33420105,TCTC,T,
rs1212540845,6,33420102,33420105,TCTC,TCTCCTC,
rs1212540845,6,33420102,33420105,TCTC,TCTCCTCCTC,
rs1341937348,6,33420111,33420121,CCTCCTCCTCT,C,
rs1562867056,6,33420111,33420111,C,T,
rs1270667758,6,33420114,33420114,C,T,
rs1447294674,6,33420121,33420121,T,G,
rs1403243327,6,33420122,33420122,C,T,
rs1215938403,6,33420123,33420123,T,C,
rs1469869765,6,33420128,33420128,C,A,
rs1399040454,6,33420129,33420129,T,C,
rs1168122145,6,33420132,33420132,C,G,
rs1430640849,6,33420138,33420138,C,A,
rs992784776,6,33420144,33420154,GCTCCTCTCTC,G,
rs992784776,6,33420144,33420154,GCTCCTCTCTC,GCTCCTCTCTCCTCCTCTCTC,
rs1460475583,6,33420146,33420146,T,C,
rs913055530,6,33420147,33420149,CCT,C,
rs1201171310,6,33420148,33420148,C,T,
rs1244450247,6,33420151,33420154,TCTC,T,
rs1256377427,6,33420157,33420159,CCT,C,
rs925331867,6,33420161,33420170,TCTCCTCCTC,T,
rs925331867,6,33420161,33420170,TCTCCTCCTC,TCTC,
rs925331867,6,33420161,33420170,TCTCCTCCTC,TCTCCTC,
rs925331867,6,33420161,33420170,TCTCCTCCTC,TCTCCTCCTCCTC,
rs925331867,6,33420161,33420170,TCTCCTCCTC,TCTCCTCCTCCTCCTCCTC,
rs1003275531,6,33420175,33420175,T,C,
rs1461682494,6,33420176,33420176,C,T,
rs1053172744,6,33420177,33420177,C,G,
rs1192413375,6,33420178,33420181,TCCA,T,
rs189031463,6,33420181,33420181,A,C,
rs189031463,6,33420181,33420181,A,T,
rs936778486,6,33420181,33420184,ACCT,A,
rs936778486,6,33420181,33420184,ACCT,ACCTCCTCCT,
rs1463261943,6,33420183,33420183,C,T,
rs1371109880,6,33420184,33420184,T,A,
rs1164439290,6,33420186,33420186,C,T,
rs891844176,6,33420188,33420188,C,T,
rs1403984987,6,33420188,33420194,CCTCCTT,C,
rs1403984987,6,33420188,33420194,CCTCCTT,CCTCCTTCTCCTT,
rs399463,6,33420192,33420192,C,T,
rs1387579343,6,33420192,33420204,CTTCTCCCCCTCT,C,
rs1387579343,6,33420192,33420204,CTTCTCCCCCTCT,CTTCTCCCCCTCTTTCTCCCCCTCT,
rs1236507566,6,33420193,33420193,T,A,
rs192610445,6,33420194,33420194,T,C,
rs35165086,6,33420196,33420197,TC,T,
rs1011709518,6,33420197,33420197,C,A,
rs1039421736,6,33420199,33420199,C,T,
rs1562867225,6,33420200,33420202,CCT,C,
rs1021721967,6,33420201,33420201,C,T,
rs1220500934,6,33420204,33420204,T,C,
